index,name,address,txcount
22,CryptoGames,0x3333331365f21e192fd43e599dbb44eff532a667,265
105,EthexLoto,0x1a48be4caa967ec77033de5ddf25f0ac7735d3b1,335
123,SmartexExchange,0x0386D41FfdfA1f5Bf24Ef2b19FD21683B8A1e3f5,159
144,GL_ERC20,0x70fadbe1f2cccbaf98ac88fdcf94a0509a48e46d,785
158,ERC20Token,0x3c98b61ee05c0ac38276275b688d4d11a45d926d,196
166,DarkCountry,0xd3d427d5c2cf01f8dc1777b27719b1d4ce369484,444
193,USDX,0xbec4a69d6a5fbcb2303c13d24ea1a51a6f19bd12,4492
202,YOUToken,0x419E30BDfF5e65bEEE93cCc59254996fE595134e,5633
227,COMBO,0xf10d9664828e80eea2f8bf139c3cc6041ae0cba0,236
286,SmartexCrowdsale,0x1877ef648d116De7889F84392d5c5F31f8A990a3,403
288,SmartexToken,0x294042bCcB1357B47C1a6A23f1B6086945C37295,723
289,TokenProxy,0x83b82ec65a82f44133f5ee26b2f956b95733cf0b,101
291,USD,0x8679f1f00725c3b02918604438a5200b0acf7584,184
293,ZEBELLION,0x98a1208a9287e378d329225836b823481d890409,709
305,DaiBackstopSyndicateV3,0x00000000357646e36fe575885bb3e1a0772e64cc,347
311,DSSLeverage,0x4c14ed0b3cac97939053be31150bdbb6f1ddbca2,199
323,MRDF,0x5f3e90b7ecfbc4f63b60c55ec0e825a927467bcc,10000
327,HumanStandardToken,0x39112688107de317958d9ecc14730d75642ce782,1010
377,SquareQueue,0x8e0bc7a37d2db44bbc46ac77a1e4296a5a3fb862,176
441,FZC,0x1fD4fd5B079ab1eDA7F08719737FF61945289aEf,194
448,DATA1TokenERC20,0x62c2e3b4f775b5975f062522fbb8966225535bbb,8496
456,EDC,0xa5c43fff568fc2115d54499d4cf202bb490ef152,7440
457,HBToken,0x1ecb25dffce3cd2824b446e2e7e9d3f48b6f9c90,10000
472,GtanToken,0xce02537d0a36ef63f7b067fac1f0eb2bf0a4182a,150
473,Curvepool,0x13b54e8271b3e45ce71d8f4fc73ea936873a34fc,603
486,yCurveExchange,0x3b12e1fbb468bea80b492d635976809bf950186c,684
487,ZXLToken,0xc4662e8e34593aa06e7e7f8425cb4c333997b5b8,167
502,CapitalCoinExtended,0x504b60a4133699c7056b58d3fe11ea73865a2d65,10000
517,AuthorizationDataSource,0xacde447a4f3516b732c06b715044e528475ae1b4,180
554,ERC20toUniPoolZapV2_General,0x4f026054b9c934d92cd2db344ea1ae193a22067d,115
562,LUCKYToken,0xE478d4F4a87D4D641AF97ca0b5Cc3dB61e266357,10000
589,DEXT,0x72d530016e9e0fc23de6c1f7f487992c879518dc,964
619,EtherRouter,0x5346D0f80e2816FaD329F2c140c870ffc3c3E2Ef,246
630,CLOG,0xba36676acd9709ac84a2864f05c0a3f820aa223e,135
636,LitionPool,0xe3a0ba3f82784b37545450a0cc0dd04b08e721e1,977
648,ERC20Token,0x406ab55c0bab2d4a3361f87f251211c3090d80bc,107
661,BoosterPack,0xa7e5225336C147eAdb3455423a01f8677C562c75,349
698,TotlePrimary,0x77208a6000691e440026bed1b178ef4661d37426,787
700,MainContract,0x4c717a5fa94adce745dbdd1c485c0666d2656444,10000
704,Broadcast,0xe1830835920a97d9de07994b72959a1207374bc6,142
712,MarketplaceElectron,0x02114334e7ff9601085d5b5805f8694147317c3f,141
721,yCurveZapIn,0xb227ea4f19257b838d34d7d390e209a83e590d71,308
731,RICH,0x025daf950c6e814dee4c96e13c98d3196d22e60c,3178
748,Cube,0x777777f1c2c60fbd4cfaa96d780f06afa540ee30,468
774,KillToken,0xEb8bC4bF5911a0b4Bc13c4eCf8C1d24aF4a20439,325
782,DharmaReserveManagerV2,0xc870c836aeb9d3987373ce04fd98c394ef03a732,1866
798,Acid,0x23ea10cc1e6ebdb499d24e45369a35f43627062f,376
803,AirBasicToken,0xd1ccc390f181a38faab2c818d19c5a68ba9251b7,1021
822,AccountCreator,0x185479FB2cAEcbA11227db4186046496D6230243,1869
827,PZMToken,0x71ee6e4fd5f2e70ed5e6fbaf853ae3b223564bca,117
838,GODGame,0x1a4766c5fa8b9ed7582a3161b6a5e14832395ae9,368
841,JUSToken,0x14ca41eecd7d81d5d13098586c0d2314eba285be,533
856,CRYPTOBUCKS,0x0d2bb9d68dd4451a09ec94c05e20bd395022bd8e,2462
859,PumaPayPullPaymentV2_2,0xec7bb44fd9a199aba45176abb67d4ff5058490bf,134
866,DappLogic,0x847f5abba6a36c727ecff76784ee3648ba868808,2634
868,yDAI,0xc2cb1040220768554cf699b0d863a3cd4324ce32,148
908,EtherCloud,0xc90851362c2e04bf51f72a0a5f0728cc2be035e7,504
911,F1DeltaCrate,0xe34Bb610505541B3FceFf472dc5449053B632944,263
913,DeltaTimeInventory,0x2aF75676692817d85121353f0D6e8E9aE6AD5576,1203
916,HALE,0x43f263e363c0c2e39033fcbd9982b78a42d43031,849
920,HKExCoin,0x40e36b09ff3eba462be5c86289b16840edde9773,4296
927,KOKContract,0x9b9647431632af44be02ddd22477ed94d14aacaa,3925
928,ERC20Token,0xab5c04bbe42667610a2da07ac98ea9fa6e4a9514,487
938,AFX,0x338743f30729c237272ef36ee5fe9e0ff1adcf6f,259
959,Proxy,0x9205c049c231dda51bace0ba569f047e3e1e9979,133
960,ETH,0x639cff3936ba73fced75f9ace328b7e72d85d933,1998
965,NuLink,0x493c8d6a973246a7B26Aa8Ef4b1494867A825DE5,549
966,HEXPOOL,0xc16E0AFCfcA3CFD25d2dc60bEe7d3EEB9e4E5798,113
1030,Unipool,0x48d7f315fedcad332f68aafa017c7c158bc54760,2509
1032,WXB,0x549ed593defa6ce92fb8e8ce08bec1a804ca1fbe,1871
1036,YSM,0x9ad2018bdbc21db14457542ee26cbbf0565f8687,1863
1041,Fomo5k,0x4a3232cDE9670E5214F6864089b70F7426729DC8,9093
1045,DharmaDeploymentHelper,0x6c2b384401f5ac765bfe6d128d785480f0ff2e71,203
1066,HedgeContract,0x27b6125328ca57d5d96baaa4f9ca8c5edbafe016,107
1080,Version,0x5f9AE054C7F0489888B1ea46824b4B9618f8A711,303
1122,EvoCoinToken,0xf062b9158111fcab3cec219283c6a57472bc0c5a,538
1141,Deposit,0xD2247F9d66B0DC3F0e88a4804AbfDe3537fA5A3c,420
1151,ETHERAUK,0x73386e25f5bbd74b43fa4429487d834725e3cd7f,192
1153,KOCToken,0xfae2b2f57ce6dce9a089b746e32ede3941b2208b,594
1160,BitcoinProtocol,0x747d3780e8a78e644e20b2d1d4df51c42814b34e,225
1169,ETH,0xf8d47138161c8175538ea1300e7bf7afc073445a,1892
1173,Flower,0x4f41d10f7e67fd16bde916b4a6dc3dd101c57394,1539
1174,GranC,0xef108a48e492b1cd6398048623c270da2d5b4036,591
1180,CampaignBank,0xf26d144bd92260fb1c770b5b19b8caf2c5529e62,116
1188,COINSTO,0x2a469a22101f1f672b745d729d13ab8dbd203c9b,464
1195,DMEX_Trading,0xab8513802ee8d1958f04d181926bc33e5030d478,341
1196,DMEX_Oracle,0xbeb5546df7b08bea6210a48b4c7adfe684b36cbd,224
1246,yDAI,0x16de59092dae5ccf4a1e6439d611fd0653f0bd01,875
1259,ETH,0xfbc1473e245b8afbba3b46116e0b01f91a026633,852
1260,ETH,0xf4eda77f0b455a12f3eb44f8653835f377e36b76,6565
1262,ETH,0x6c158864d3b06113bfd9f5f2c219725fd5bc3923,325
1277,Forwarder,0x4aa817c6f383c8e8ae77301d18ce48efb16fd2be,700
1314,Exchange,0xaA5bBD5A177A588b9F213505cA3740b444Dbd586,10000
1370,Ethbus,0x84b38b58fb3ba399d44efc3d8e5f71c555e6aa66,274
1425,VIToken,0xd321ca7cd7a233483b8cd5a11a89e9337e70df84,1116
1428,CryptoMorphMint,0x9255ed258dcbafe165dccd93ea0a72f4ed88e24d,114
1432,Broker,0xd4690a51044db77d91d7aa8f7a3a5ad5da331af0,1986
1439,Exchange,0x1f0d1de1558582ad6f13763f477119a1455502af,171
1479,TrifoliumCoin,0xaF3573E1E223c601340AdE1f1D52cd106B264367,307
1481,UniSwapRemoveLiquityGeneral_v1,0x4316e3ad83ca2cf0ea5e3b25e3de2fa7f93cfe9c,324
1507,CSPLSPLGatewayV11,0xa425FEcCC7E0114e735141c30a1c6F6891633a27,263
1550,cUSD,0x5c406d99e04b8494dc253fcc52943ef82bca7d75,450
1573,MainToken,0x39299c0849D3D8aF13F2436605f886468Fc71827,213
1596,EXEToken,0x412d397ddca07d753e3e0c61e367fb1b474b3e7d,122
1611,_0x,0x91f5f9c36b093907b0f99d1dbcf41aaf1db28916,111
1623,jackpot,0x3e370a6c8255b065bd42bc0ac9255b269cfcc172,154
1656,KriosToken,0x42566cfefc853c232117eba4413e45782a72715d,595
1658,Ethereumscash,0xfa330d901dad0943e8a82e61e29944f7bfd90044,1779
1664,_0xEthereumToken,0x716523231368d43bdfe1f06afe1c62930731ab13,240
1751,Aggregator,0x560b06e8897a0e52dbd5723271886bbcc5c1f52a,484
1763,EthexLoto,0x0e26b2dc8ef577baf50891eac94f0def59b5da16,2147
1838,Jobchain,0xdfbc9050f5b01df53512dcc39b4f2b2bbacd517a,109
1855,MainToken,0xd10c82d129d7f7ec317648914590162be3287d3b,1154
1858,TokenERC20,0x11cbb069aa7f8fbf00c62206d1239e11dc62624e,125
1882,MBCT,0x633ee3fbe5ffc05bd44ecd8240732ff9ef9dee1d,205
1884,IzeToken,0xcf8048b2d336c569a3985bd93cbb91b758ded178,162
1894,PriceFeed,0x8ab2454829f605b1c232cdc6a3a05f6972606ff5,208
1905,DoDreamChain,0x89551b940e2A8ED8eCcF509935bAc9213fE30584,827
1909,CoinSuter,0xba8c0244fbdeb10f19f6738750daeedf7a5081eb,2895
1912,HashTimeLock,0xf567ea9138fe836555b9002abeea42a9dbf16ac5,533
1913,RakunCoin,0x51bc0deaf7bbe82bc9006b0c3531668a4206d27f,701
1959,DappLogic,0x2cd784297b10a53003092d6110c83c4092b2fbd2,199
1962,AccountLogic,0x52dab11c6029862ebf1e65a4d5c30641f5fbd957,528
1971,DoYourTip,0x740623d2c797b7D8D1EcB98e9b4Afcf99Ec31E14,780
1995,ManagerProxy,0x5b1ce829384eebfa30286f12d1e7a695ca45f5d2,204
2031,MainToken,0xf02dab52205aff6bb3d47cc7b21624a5064f9fba,2052
2035,AToken,0x3a3a65aab0dd2a17e3f1947ba16138cd37d08c04,787
2078,TetherToken,0x4922a015c4407f87432b179bb209e125432e4a2a,267
2079,CypherBank,0x629836d92e13a7728dcfb9fba40b2377e528dfb0,401
2116,WhaleCoin,0x804E26C4EFf0BB196b805bDFb5B29AB828cF0B1f,209
2122,VIP,0xf3ecb3d74c1998da600f58c27d1d7d7f5019e0b5,152
2149,NightlightToken,0x05007434b72a5e99348186f45fcd3660917da683,2801
2171,StakingContract,0xE9F97FCa1C8C1dDC6649104A6dBCD400D073A445,305
2176,OBSR,0x87def9265b40ba7f867f73d4af519cd9f074bed6,3112
2209,IdallToken,0xce80ce10fa806f4aa8755ab92cd268c51d7fd867,160
2261,ProxyFactory,0x76e2cfc1f5fa8f6a5b3fc4c8f4788f0116861f9b,337
2268,BusinessAlliance,0x0487fc87df11933ace3c3dd98e287fd53c2109b4,364
2269,MyAdvancedToken,0x9e4040e8387768e798e2d9b940f1b000c1e8656c,238
2270,Token,0x33d1a1a2d781d395eace70e69423c594e52f1a8b,2836
2289,Aggregator,0x1eeaf25f2ecbcaf204ecadc8db7b0db9da845327,359
2291,Token,0xC52b11283f4CA6bD20cbC4AdDD2C136a193F6aF1,131
2301,MintableToken,0x6a5ff3ceecae9ceb96e6ac6c76b82af8b39f0eb3,1975
2310,TokenAsset,0xbe393aa534f82c0ffac31bf06a23e283acb3352b,344
2312,SCATTER,0xac9bb427953ac7fddc562adca86cf42d988047fd,987
2315,HappyPayToken,0xEeE690AAA67d1eE33365c02C3Bf477A93867052f,177
2381,SYNCContract,0xffa9817f20ab5742ad016e094b42716cdd4fcb90,380
2383,PostCert,0x485be770a7a1c3bbf286a2136bd045cbf37b5317,4161
2396,StandardBounties,0x51598ae36102010feca5322098b22dd5b773428b,135
2399,AppProxyUpgradeable,0x0b4D742d52EE0C4391439f80822B26fDF1ad6Ee7,208
2414,IPOS,0x18dbb1b6a74087527036f2f95c7e186e2854ecd9,639
2493,XPAYPro,0x565aC8639E53a4bFf4aFb34AC63A49D7bf01500E,2409
2494,OrchidLottery,0xb02396f06CC894834b7934ecF8c8E5Ab5C1d12F1,727
2498,KUBToken,0xc59cb23295e2DEEB66bd090ACB6B02BE8d30A11F,631
2512,UzNEX,0x27f58859615d971ff7c5318840c0ea2ade4b188d,2618
2570,SynchroBitcoin,0x179e31fb25e433441a2839389a7b8ec9c4654b7b,881
2587,SelfServiceEditionCurationV4,0xbd679ad9dd6e65b7e447b3c2707711d7da4cb783,507
2603,WrapperDai,0x2cd04bb68786834f199ce12074da7b8832129fe1,140
2610,Token,0x933326d0E0A31C9ad9D6709E59282ddDEBe2E8E4,5292
2618,KOLVote,0x0946e36C2887025c389EF85Ea5f9150E0BEd4D69,3818
2645,MainToken,0x15eabb7500e44b7fdb6e4051ca8deca430cf9fb8,134
2709,UniSwap_ETH_DAIZap,0x929a10efda7099865dad8286aee8715078902d51,162
2725,AroundTheWorldTravel,0xe3c55be451b7e4e97eb75f2729d41d8d563cd41e,256
2737,MaiProtocol,0xfE3a6567A25d74b3A7F10ED49631502806Ed1a17,285
2745,VE,0x2120887e9e4889653770b228ee8d13231d0ef045,429
2764,RHC,0x435d4183ae0aeb1babc31bd25a815d6244fc3562,10000
2772,RampInstantTokenEscrows,0x36Bae77a5b292c1Ca5dc38C6b40A2a6504bB83f5,377
2773,RampInstantEthEscrows,0x762a7ea687D5F9aAeD98Eb4c5e597b43652Af7Ff,487
2780,OrchidToken,0x4575f41308ec1483f3d399aa9a2826d74da13deb,5171
2806,UtilitiesRegistry,0xe184792acbef4a5ac08139159067218df4b5a3f1,663
2807,CreativesRegistry,0xa04b819fa3b94ee8d3713adb136d9de120e01f86,157
2831,TokenERC20,0x6653c0d21507573cc39ead1e609d74d5e0ca16e2,128
2841,MakerManager,0x963F86DA34Cf2CE619d4B8e5cE96577943f95B6b,794
2842,CompoundManager,0xA5d7d68D7975e89FEb240f42feD1D77bb71b1cAF,2827
2843,Rainbow,0x0e3abf45855fbaa1afcc3b33cf08b3915bdcda96,367
2845,TokenPriceProvider,0xE8a76D2f37Fe50B6A95d27FB92291Fe0B57407d3,115
2847,MakerV2Manager,0x7557f4199aa99e5396330BaC3b7bDAa262CB1913,1722
2848,ApprovedTransfer,0xcd23f51912ea8Fff38815f628277731C25c7Fb02,324
2850,TransferManager,0x2B6D87F12B106E1D3fA7137494751566329d1045,7186
2856,MSATToken,0x300fc7f699c0ddfa30edebae0af70038835aa67f,217
2858,OffChainOrFeedPriceFeed,0x7556fccfb056ada7aa10c6ed88b5def40d66c591,119
2879,RippleAlpha,0xe019681c8a189184826fe17f86c1725e2940c4ce,893
2893,Chai,0x06af07097c9eeb7fd685c692751d5c66db49c215,1043
2895,NNCProjectToken,0xa67462ff3314c682277771ae2bbcec08877c877a,3288
2980,SBToken,0xcadb96858fe496bb6309622f9023ba2defb5d540,10000
2989,Flopper,0x4d95a049d5b0b7d32058cd3f2163015747522e99,650
3010,Smartlevel,0xa49c7c87997687e20091dbf5332eba13c5689fad,149
3050,ALSC,0xe38ab2ad0e3e85983f76fe235b6a9869cda0502d,563
3078,FlitToken,0xb351da6ffebd5dddd1da037929fcf334d6b4a8d5,384
3131,SimpleToken,0x3fe88d527630632292d7d5182b8f50e2fb515311,681
3135,Huptex_BurnV1_0_1,0x8b847669b2e5dd5101736e41da8ec38653065aeb,141
3145,CIMCoin,0x456c636ca9fd54dbdd66de6c1c0feaf5637ddb7b,248
3182,DinngoProxy,0x268be5667d4e5bD036Bd608d0601ef1441604429,207
3204,FaucetPay,0xf44ea500abd7d4fb8b0bc5c42002e0eb58d0eb42,410
3216,TEPTokenV2,0xd7cc16500d0b0ac3d0ba156a584865a43b0b0050,10000
3220,ATOMUCOIN,0x68e9ece22a830bbe8e697985b539934d95a45ad0,231
3252,MegaPoker,0xBeC282dc7D575F6EC230724a3902B816D9a808b5,1484
3272,ScdMcdMigration,0xc73e0383f3aff3215e6f04b0331d58cecf0ab849,1783
3276,Flipper,0xd8a04f5412223f513dc55f839574430f5ec15531,10000
3287,Dai,0x6b175474e89094c44da98b954eedeac495271d0f,10000
3295,DaiJoin,0x9759a6ac90977b93b58547b4a71c78317f391a28,921
3296,Vow,0xa950524441892a31ebddf91d3ceefa04bf454466,2095
3298,Cat,0x78f2c2af65126834c51822f56be0d7469d7a523e,2902
3300,Jug,0x19c0976f590d67707e62397c87829d896dc0f1f1,681
3302,Vat,0x35d1b3f3d7966a1dfe207aa4514c12a259a0492b,387
3311,ALTESFINANCEGROUP,0x8313675d1405f3f7aee3da9d63e0bf5c30c75832,719
3356,MedianBATUSD,0x18b4633d6e39870f398597f3c1ba8c4a41294966,1261
3365,Payroll,0xbd6a40bb904aea5a49c59050b5395f7484a4203d,205
3369,LitionRegistry,0x7a79868b8375131b4c6a681b112109a51eea0a6c,306
3416,TMTToken,0x6F02055E3541DD74A1aBD8692116c22fFAFaDc5D,238
3437,EtheremonTrade,0x57964e649ea3735757d6898ca56f135f4437e554,144
3466,EticaRelease,0x8D67753914a94f84947B1AC0AD4Ae66B23494E96,604
3486,FountainTokenUpgrade,0xb1d5a03d2ff72f7f226372c4b2fa7b50cd9d7910,256
3506,VONNI,0x8aebc4c307fdd9751b6156e887b6451f558a4232,134
3556,Token,0x474Dde66cE65a9279F070fd27b01ce1AbC80d5e2,123
3562,TelomereToken,0xce703f1e5beb125590b75e7b83fc583a0180ea30,109
3653,TokenProxy,0x1dd0df760eb950083c1925da19fc7ac1356a190b,10000
3666,FCHToken,0x8f7e51d7487ebdcb9d729079074d8778e06c280a,102
3670,ERC20,0x0669f97be1948804FdA3CDD745F9eAd2356aECef,829
3677,GoMoney2,0x48783486ddD7fa85ECa6B0C4AE8920Bc25DfbcD7,753
3699,ICNode,0x79bfd2670b6bb2219d30a6fd0dbf287f2b66633d,729
3712,DCEP,0x43cad9793fb8b72cadc63fd861bff2ddc9202892,245
3726,CfoCoin,0x079ca51f7f7bca4b971eb8b6f826d0933ac2bb79,859
3730,EXMR_FDN,0x331fa6c97c64e47475164b9fc8143b533c5ef529,575
3746,Inflationary,0x8c9e4cf756b9d01d791b95bc2d0913ef2bf03784,232
3753,PIXBY,0xB53e08B97724126Bda6d237B94F766c0b81C90fE,180
3758,EpayCoin,0x8B8a8A91d7b8EC2E6ab37Ed8FFbAcEE062C6F3C7,1910
3786,SEAK,0x15e91b0453b316666614bB29AB58b514eF4B6633,157
3802,TokenSale,0xf2ee97405593bc7b6275682b0331169a48fedec7,847
3837,BOMBXToken,0x0f7F961648aE6Db43C75663aC7E5414Eb79b5704,282
3976,DharmaKeyRingFactoryV2,0x2484000059004afb720000dc738434fa6200f49d,483
3989,KeyboardToken,0xcE13aBCE0DB5A8224616ef24D3979d466F19CF90,103
4070,SpyceToken,0x2b0ef43e0111c8acaeaa26d93fa77048ef2a2cbf,238
4072,CENNZReward,0x5d5c127cde3f0ef4e63e3c579182857bdc7dacd6,306
4099,TokenERC20,0xd5dad1db7f112037c0c6cf0792dc2a7866bfd136,102
4246,RigidBit,0x1fed5bc5cb76542ecfa492c4f7abc867505be8e4,739
4263,BrokerV2,0x7ee7ca6e75de79e618e88bdf80d0b1db136b22d0,10000
4266,ERDToken,0xF9986D445ceD31882377b5D6a5F58EaEa72288c3,760
4276,APIX,0xf51ebf9a26dbc02b13f8b3a9110dac47a4d62d78,226
4281,MACH,0xb119ce94d098c18fe380904c24e358bd887f00be,536
4292,EventRecorder,0xa9206e4e269fae224c5140f7c3ae1dab458369d8,496
4337,BETRA,0xbbf2a949b8b0560560f249d7f0fd5ce3a5991447,833
4365,OracleFactory,0x1101c52fc25dc6d2691cec4b06569cef3c83933c,7553
4375,LYFToken,0xb427194ff6b5458b955c9b227cd490683f4bf096,267
4431,THENODE,0xb4a677b0e363c3815d46326954a4e4d2b1ace357,2591
4443,STPAY,0x5c250ff9b993c6991cc4a3cc543716e53b478018,4510
4450,Simbcoin,0xdfeb7df5ecf1e909459d111f611490c9b925a5a7,727
4455,SToken,0x4c14114c107d6374ec31981f5f6cc27a13e22f9a,1296
4469,Oracle,0x64fe692be4b42f4ac9d4617ab824e088350c11c2,10000
4521,Zedd,0x6bfe93d41c21dc9b72ac5785c12aa400bf205b31,781
4564,Treelion,0x70968feaf13299d0dbf78f66860bab9dbe3856bc,103
4611,QurasToken,0x70da48f4b7e83c386ef983d4cef4e58c2c09d8ac,1800
4656,TrueProfileLogic,0xd0466448fb6bf17beaf9325974b7f71c6937609b,10000
4673,TokenERC20,0xFA53B17Aa8E3DDa09a06d50B17383D2cC203fa71,1403
4696,UniswapEX,0xbd2a43799b83d9d0ff56b85d4c140bce3d1d1c6c,172
4707,DharmaSmartWalletFactoryV1,0xfc00c80b0000007f73004edb00094cad80626d8d,343
4724,EWEUR,0x3cab5f3e3bbe86c69f4e43339920f61ab8193300,121
4753,LinkdropFactory,0xBa051891B752ecE3670671812486fe8dd34CC1c8,101
4754,Smartex,0x4abe410ae11835263203d4ca8ee222a38725396b,355
4769,RVC,0x4f2c4dffa2f1b0c8695057d3a66b8e1a462f5834,798
4791,weeWMA,0x685ed390b16ac9df9ab9707294a42a107cfb62af,2809
4807,FCTV,0xe1bad922f84b198a08292fb600319300ae32471b,108
4811,ChainBot4000,0x138dd6d5d403628fc1d2db31bf832ef298f56cdf,213
4813,TZVC,0x2ffeaff7f85798fc98f9ea94e1121aa59a900525,140
4814,SignedOperationProxy,0x2a842bc64343fad4ec4a8424ba7ff3c0a70b6e55,10000
4857,AdminUpgradeabilityProxy,0x4fabb145d64652a948d72533023f6e7a623c7c53,9289
4865,CashQuestBot,0xacc3414633b7d7bfc7ebf94dbf6d9d6be2554f0c,318
4877,SWCToken,0xbba84f48a96bae2a2e551825280eb18759ece1ae,158
4895,WET,0xe9b39A3Cf71b38A3bF1AF7cd9595F4aa5C91C62F,567
4899,Pegasus,0x931ad0628aa11791c26ff4d41ce23e40c31c5e4e,1792
4933,HarmonyOne,0x799a4202c12ca952cb311598a024c80ed371a41e,183
4941,AuthorizationDataSource,0xa456e426308210c44daa0cddf29d8f96198f2bdf,603
4954,DrepToken,0x22dE9912cd3D74953B1cd1F250B825133cC2C1b3,1008
4956,LivenCoin,0xc8cac7672f4669685817cf332a33eb249f085475,247
5026,WWXToken,0x8a91eecd3f6b6b7833fd6961e7f654c3d016a068,185
5033,IOCrypto,0x55f287e77274deb12c798c039da92dd653b025ab,186
5062,MyToken,0xca7b04470a2a30d74f7d73eb4eebd8bc86cc45ac,314
5079,YottaCoin,0x5cf501e64786444e025c5b24025f98399538ea5d,1161
5081,MysteriousSound,0x1977c795b5f52bf6f8150136b07822d1f00704f3,485
5101,Exchange,0x7A6425C9b3F5521BFa5d71Df710A2FB80508319b,1697
5102,TokenERC20,0x58d96cdaa3c30138918cf98504e7021876b43b57,442
5123,RebalancingSetExchangeIssuanceModule,0xd4240987d6f92b06c8b5068b1e4006a97c47392b,1704
5127,S3Coin,0x2c702d98d4d7e2af742f071c2038565b1cc07bef,10000
5141,ArdCoin,0xb8e2e2101ed11e9138803cd3e06e16dd19910647,1992
5146,TrueINR,0x592bbbcaae436f08350da2f75673fcd05c0ae79a,122
5210,GENEToken,0xe8f030d3a6e82c84c73460b46a28016f3d744954,361
5248,ERC20,0x60c87297a1feadc3c25993ffcadc54e99971e307,161
5267,ZMTKToken,0x68CE5357c20AF3490fE2b787b8dddaf1050df66A,810
5272,BatPay,0x412a658d1c8bbff78a61a2053373cb57fe7d14a5,176
5318,Scanetchain,0x7444eaac0a0fcf472b1dc87362e2de1bfa07ce12,131
5331,TuneToken,0x6b4e0684806fe53902469b6286024db9c6271f53,340
5356,ASCToken,0xa5763bf433f2f154b798b924fb2f6c54137b3522,9999
5366,HCE,0x860dd1ac5085e62fc0b75024917b13e1230df1fb,1015
5367,RebalanceAuctionModule,0xe23fb31dd2edacebf7d92720358bb92445f47fdb,143
5372,Oracle,0x634ab8f3f791a905b6e6ea72c33483401ed56e6b,169
5379,WPT,0xc3012ccb3116579c6ae46e6cf066594dbaac48e4,118
5405,Tratok,0xe225aca29524bb65fd82c79a9602f3b4f9c6fe3f,166
5416,WalletDeployer,0x85bb8a852c29d8f100cb97ecdf4589086d1be2dd,1596
5444,ShitCoin,0xaa7fb1c8ce6f18d4fd4aabb61a2193d4d441c54f,121
5451,RelayHub,0xd216153c06e857cd7f72665e0af1d7d82172f494,821
5458,ESCHToken,0xa821f14fb6394e82839f5161f214cacc90372453,9831
5466,ProofOfContributionChainToken,0x912656188616e0184e3181f019022990a63280b1,10000
5470,ShuffleToken,0x3a9fff453d50d4ac52a6890647b823379ba36b9e,481
5510,AnxToken,0x212fa406fd28663ee6110d863a18e80960300e5c,681
5526,SolaToken,0xe719c4ad919d89513360c5f8e5729f2d159f16e4,122
5548,CASTWEETTOKEN,0x1A4743Cf1af4C289351390A2B3fe7c13D2F7C235,1011
5560,DigitalBitsToken,0xb9eefc4b0d472a44be93970254df4f4016569d27,312
5562,PrivatixServiceContract,0x0619ed1187ecad8d089269ce6c21ef12c8c0b72d,136
5625,AKTToken,0xc707725c0dc6137946bd593f42fbe18a339a4e9f,133
5627,TokenERC20,0x73468010efda36a42662f000fce2c2a4ef175097,7584
5629,MarbleCoin,0x8888889213dd4da823ebdd1e235b09590633c150,243
5746,APPCrowdsale,0x9765986db807b4abc6cc519a5b2511f357fae1dc,288
5756,TimeAlly,0x5630ee5f247bd6b61991fbb2f117bbeb45990876,301
5764,XMDToken,0xea2524bb0773de6a5f641aa97294401f116572e7,6535
5820,DPTToken,0x78a125f9f6f355b0a7f01d2b73fab16b59165d47,121
5860,BiggCash,0xd9d993fdd6dad5270c0896b364bdbeff38e010cf,542
5861,DelegatedSending,0xf7908ab1f1e352f83c5ebc75051c0565aeaea5fb,1175
5886,HALE,0xf86c697616f6d715dfaa5febe4e2218578f82ce8,107
5894,TokenFaucet,0x791d406b20a7d93c0945b0d9d7abf323772397c9,1002
